"name","day"
"신정",20160101
"설날",20160207
"설날",20160208
"설날",20160209
"대체공휴일",20160210
"삼일절",20160301
"국회의원선거일",20160413
"노동절",20160501
"어린이날",20160505
"석가탄신일",20160514
"현충일",20160606
"광복절",20160815
"추석",20160914
"추석",20160915
"추석",20160916
"개천절",20161003
"한글날",20161009
"기독탄신일",20161225
"신정",20170101
"설날",20170127
"설날",20170128
"설날",20170129
"대체공휴일",20170130
"삼일절",20170301
"노동절",20170501
"석가탄신일",20170503
"어린이날",20170505
"대통령선거일",20170509
"현충일",20170606
"광복절",20170815
"임시공휴일",20171002
"개천절",20171003
"추석",20171003
"추석",20171004
"추석",20171005
"대체공휴일",20171006
"한글날",20171009
"기독탄신일",20171225
"1월1일",20180101
"설날",20180215
"설날",20180216
"설날",20180217
"삼일절",20180301
"노동절",20180501
"어린이날",20180505
"대체휴무일",20180507
"부처님오신날",20180522
"현충일",20180606
"전국동시지방선거",20180613
"광복절",20180815
"추석",20180923
"추석",20180924
"추석",20180925
"대체휴무일",20180926
"개천절",20181003
"한글날",20181009
"기독탄신일",20181225
"1월1일",20190101
"설날",20190204
"설날",20190205
"설날",20190206
"삼일절",20190301
"노동절",20190501
"어린이날",20190505
"대체공휴일",20190506
"부처님오신날",20190512
"현충일",20190606
"광복절",20190815
"추석",20190912
"추석",20190913
"추석",20190914
"개천절",20191003
"한글날",20191009
"기독탄신일",20191225
